,Region,Country,Item Type,Sales Channel,Order Priority,Order ID,Units Sold,Unit Price,Unit Cost,OrderDate,ShipDate
7,Europe,Bosnia and Herzegovina,Clothes,Online,M,919133651,927,109.28,35.84,2013-10-14,2013-11-04
1180,Sub-Saharan Africa,Kenya,Fruits,Online,C,522089898,6858,9.33,6.92,2013-10-14,2013-11-11
3284,Central America and the Caribbean,Saint Kitts and Nevis ,Clothes,Offline,L,532441079,2,109.28,35.84,2013-10-14,2013-11-08
3867,North America,Mexico,Snacks,Offline,M,962703025,4073,152.58,97.44,2013-10-14,2013-10-20
3939,Europe,Estonia,Cereal,Online,C,220607459,1504,205.7,117.11,2013-10-14,2013-10-17
4061,Sub-Saharan Africa,Mauritania,Beverages,Offline,H,854625880,1644,47.45,31.79,2013-10-14,2013-11-26
