,Region,Country,Item Type,Sales Channel,Order Priority,Order ID,Units Sold,Unit Price,Unit Cost,OrderDate,ShipDate
1412,Europe,Slovenia,Meat,Online,M,885397469,7642,421.89,364.69,2015-10-10,2015-11-18
1703,Asia,Bangladesh,Baby Food,Online,L,336707198,7997,255.28,159.42,2015-10-10,2015-11-27
3090,Middle East and North Africa,Yemen,Personal Care,Online,C,184942662,7498,81.73,56.67,2015-10-10,2015-11-02
4122,Central America and the Caribbean,Costa Rica,Household,Offline,H,540463674,4066,668.27,502.54,2015-10-10,2015-10-14
4295,Sub-Saharan Africa,Senegal,Meat,Online,L,631813704,6570,421.89,364.69,2015-10-10,2015-11-28
