,Region,Country,Item Type,Sales Channel,Order Priority,Order ID,Units Sold,Unit Price,Unit Cost,OrderDate,ShipDate
567,Europe,Bosnia and Herzegovina,Clothes,Online,M,166810500,1789,109.28,35.84,2011-10-10,2011-11-21
1113,Central America and the Caribbean,Grenada,Beverages,Offline,C,719712054,7645,47.45,31.79,2011-10-10,2011-10-17
3871,Sub-Saharan Africa,Nigeria,Cosmetics,Offline,L,675906646,4651,437.2,263.33,2011-10-10,2011-11-01
4080,Europe,Ukraine,Cereal,Offline,C,580463349,859,205.7,117.11,2011-10-10,2011-11-08
