,Region,Country,Item Type,Sales Channel,Order Priority,Order ID,Units Sold,Unit Price,Unit Cost,OrderDate,ShipDate
2259,Australia and Oceania,New Zealand,Baby Food,Offline,C,485096442,9672,255.28,159.42,2012-10-15,2012-11-09
3439,Australia and Oceania,Fiji,Cereal,Offline,L,264612853,3678,205.7,117.11,2012-10-15,2012-12-03
3644,Australia and Oceania,New Zealand,Meat,Online,M,441409051,1602,421.89,364.69,2012-10-15,2012-10-29
4583,Middle East and North Africa,Kuwait,Baby Food,Offline,L,528665816,2818,255.28,159.42,2012-10-15,2012-10-25
