,Region,Country,Item Type,Sales Channel,Order Priority,Order ID,Units Sold,Unit Price,Unit Cost,OrderDate,ShipDate
1865,Australia and Oceania,Nauru,Meat,Online,L,133145129,9457,421.89,364.69,2016-10-15,2016-10-19
3224,Europe,Bosnia and Herzegovina,Fruits,Offline,L,623821580,1523,9.33,6.92,2016-10-15,2016-10-31
3508,Europe,Andorra,Vegetables,Offline,L,403337991,5529,154.06,90.93,2016-10-15,2016-11-24
4286,Europe,Switzerland,Vegetables,Online,L,819037473,244,154.06,90.93,2016-10-15,2016-10-15
