,Region,Country,Item Type,Sales Channel,Order Priority,Order ID,Units Sold,Unit Price,Unit Cost,OrderDate,ShipDate
243,Asia,Taiwan,Personal Care,Offline,C,741311347,9356,81.73,56.67,2014-10-16,2014-11-05
465,Sub-Saharan Africa,Chad,Baby Food,Online,H,244494998,358,255.28,159.42,2014-10-16,2014-11-21
1356,Central America and the Caribbean,Saint Lucia,Baby Food,Online,M,325729882,9565,255.28,159.42,2014-10-16,2014-11-19
1413,Europe,Hungary,Personal Care,Offline,H,302744853,7785,81.73,56.67,2014-10-16,2014-11-02
3498,Europe,Liechtenstein,Cereal,Offline,L,194785726,280,205.7,117.11,2014-10-16,2014-11-13
4658,Asia,Uzbekistan,Cereal,Online,L,830732762,1140,205.7,117.11,2014-10-16,2014-11-01
