,Region,Country,Item Type,Sales Channel,Order Priority,Order ID,Units Sold,Unit Price,Unit Cost,OrderDate,ShipDate
1549,Asia,Vietnam,Beverages,Offline,C,127791011,5055,47.45,31.79,2016-10-01,2016-10-09
2207,Europe,Armenia,Meat,Offline,C,645309722,342,421.89,364.69,2016-10-01,2016-11-06
2323,Middle East and North Africa,Saudi Arabia,Cosmetics,Online,H,113346564,622,437.2,263.33,2016-10-01,2016-10-14
3390,Australia and Oceania,Tuvalu,Beverages,Offline,L,663965451,987,47.45,31.79,2016-10-01,2016-10-05
