,Region,Country,Item Type,Sales Channel,Order Priority,Order ID,Units Sold,Unit Price,Unit Cost,OrderDate,ShipDate
1499,Europe,United Kingdom,Cereal,Online,M,985417258,5720,205.7,117.11,2011-10-01,2011-10-21
1635,Australia and Oceania,Marshall Islands,Personal Care,Online,L,384853065,5429,81.73,56.67,2011-10-01,2011-10-21
3005,Sub-Saharan Africa,South Sudan,Office Supplies,Online,M,160276210,8147,651.21,524.96,2011-10-01,2011-11-15
3318,Asia,Indonesia,Personal Care,Offline,M,151971662,647,81.73,56.67,2011-10-01,2011-10-24
