,Region,Country,Item Type,Sales Channel,Order Priority,Order ID,Units Sold,Unit Price,Unit Cost,OrderDate,ShipDate
454,Sub-Saharan Africa,Botswana,Vegetables,Offline,L,103281629,2184,154.06,90.93,2013-10-19,2013-11-05
780,Europe,Bulgaria,Beverages,Offline,C,313178002,5185,47.45,31.79,2013-10-19,2013-12-06
1505,Sub-Saharan Africa,Central African Republic,Cereal,Offline,H,633198153,6260,205.7,117.11,2013-10-19,2013-11-03
2929,Australia and Oceania,Papua New Guinea,Cereal,Online,L,612495791,9971,205.7,117.11,2013-10-19,2013-11-10
4960,Sub-Saharan Africa,Niger,Baby Food,Offline,C,666534364,1185,255.28,159.42,2013-10-19,2013-11-18
