,Region,Country,Item Type,Sales Channel,Order Priority,Order ID,Units Sold,Unit Price,Unit Cost,OrderDate,ShipDate
637,Sub-Saharan Africa,Lesotho,Office Supplies,Offline,M,687482631,243,651.21,524.96,2010-10-28,2010-11-21
1668,North America,Mexico,Baby Food,Online,C,512851083,2887,255.28,159.42,2010-10-28,2010-11-04
2194,Australia and Oceania,Samoa ,Beverages,Offline,C,880651891,3319,47.45,31.79,2010-10-28,2010-12-02
4363,Central America and the Caribbean,Honduras,Clothes,Online,M,408985221,6670,109.28,35.84,2010-10-28,2010-11-14
