,Region,Country,Item Type,Sales Channel,Order Priority,Order ID,Units Sold,Unit Price,Unit Cost,OrderDate,ShipDate
146,Middle East and North Africa,Azerbaijan,Office Supplies,Online,C,542272984,9481,651.21,524.96,2016-10-27,2016-12-08
2003,Europe,San Marino,Cosmetics,Offline,C,284595954,7122,437.2,263.33,2016-10-27,2016-10-29
2541,Europe,Romania,Fruits,Online,H,481976497,6411,9.33,6.92,2016-10-27,2016-12-03
2846,Sub-Saharan Africa,Guinea-Bissau,Snacks,Online,C,793810117,4909,152.58,97.44,2016-10-27,2016-11-03
