,Region,Country,Item Type,Sales Channel,Order Priority,Order ID,Units Sold,Unit Price,Unit Cost,OrderDate,ShipDate
1099,Australia and Oceania,Samoa ,Fruits,Online,H,461197745,7517,9.33,6.92,2015-10-21,2015-10-24
1456,North America,United States of America,Cereal,Offline,M,577579438,7446,205.7,117.11,2015-10-21,2015-11-30
2193,Sub-Saharan Africa,Togo,Beverages,Offline,M,980881106,3372,47.45,31.79,2015-10-21,2015-11-21
2623,Central America and the Caribbean,Dominica,Household,Online,M,997490203,8372,668.27,502.54,2015-10-21,2015-11-15
