,Region,Country,Item Type,Sales Channel,Order Priority,Order ID,Units Sold,Unit Price,Unit Cost,OrderDate,ShipDate
54,Australia and Oceania,Kiribati,Clothes,Offline,M,516195905,2694,109.28,35.84,2010-10-22,2010-10-29
2143,Sub-Saharan Africa,Burundi,Office Supplies,Offline,M,823700225,56,651.21,524.96,2010-10-22,2010-11-21
2549,Europe,San Marino,Meat,Online,H,168979442,3627,421.89,364.69,2010-10-22,2010-12-10
4312,Middle East and North Africa,Iraq,Household,Online,H,647140061,1980,668.27,502.54,2010-10-22,2010-11-05
