,Region,Country,Item Type,Sales Channel,Order Priority,Order ID,Units Sold,Unit Price,Unit Cost,OrderDate,ShipDate
1661,Sub-Saharan Africa,Sierra Leone,Cosmetics,Offline,L,617609584,3255,437.2,263.33,2014-10-21,2014-11-01
2411,Sub-Saharan Africa,Cote d'Ivoire,Personal Care,Online,L,100090873,7968,81.73,56.67,2014-10-21,2014-11-24
3041,Sub-Saharan Africa,Angola,Fruits,Offline,H,950263583,2966,9.33,6.92,2014-10-21,2014-10-21
3959,Central America and the Caribbean,Belize,Snacks,Online,H,239457595,9678,152.58,97.44,2014-10-21,2014-11-27
4129,Europe,Iceland,Fruits,Online,H,640476596,112,9.33,6.92,2014-10-21,2014-10-24
4445,Sub-Saharan Africa,Kenya,Beverages,Offline,H,434673488,8399,47.45,31.79,2014-10-21,2014-11-12
