,Region,Country,Item Type,Sales Channel,Order Priority,Order ID,Units Sold,Unit Price,Unit Cost,OrderDate,ShipDate
539,Asia,Turkmenistan,Clothes,Offline,H,128071677,8110,109.28,35.84,2015-10-24,2015-11-07
1545,Central America and the Caribbean,Saint Vincent and the Grenadines,Beverages,Online,M,678808581,3399,47.45,31.79,2015-10-24,2015-11-24
2783,Europe,Spain,Fruits,Offline,L,446045196,3540,9.33,6.92,2015-10-24,2015-11-01
4644,Asia,Singapore,Cosmetics,Online,L,323405587,1755,437.2,263.33,2015-10-24,2015-11-17
