,Region,Country,Item Type,Sales Channel,Order Priority,Order ID,Units Sold,Unit Price,Unit Cost,OrderDate,ShipDate
625,Australia and Oceania,New Zealand,Household,Offline,H,755647647,1786,668.27,502.54,2011-10-27,2011-12-09
1817,Middle East and North Africa,Somalia,Household,Online,M,450189960,68,668.27,502.54,2011-10-27,2011-12-11
2787,Asia,Brunei,Baby Food,Online,L,190230262,2217,255.28,159.42,2011-10-27,2011-11-27
3669,Middle East and North Africa,Israel,Household,Offline,L,468727672,5789,668.27,502.54,2011-10-27,2011-12-04
