,Region,Country,Item Type,Sales Channel,Order Priority,Order ID,Units Sold,Unit Price,Unit Cost,OrderDate,ShipDate
1072,Middle East and North Africa,Oman,Cereal,Online,H,819992768,2937,205.7,117.11,2012-10-03,2012-11-13
3339,Sub-Saharan Africa,Mauritius ,Snacks,Online,L,169483268,2720,152.58,97.44,2012-10-03,2012-11-04
3474,Sub-Saharan Africa,Seychelles ,Office Supplies,Offline,H,304638707,8218,651.21,524.96,2012-10-03,2012-10-15
3738,Australia and Oceania,Kiribati,Clothes,Offline,C,772330129,8503,109.28,35.84,2012-10-03,2012-10-09
3779,Central America and the Caribbean,Barbados,Beverages,Offline,C,235919654,2723,47.45,31.79,2012-10-03,2012-10-13
4161,Sub-Saharan Africa,Mauritania,Household,Online,C,541613376,4289,668.27,502.54,2012-10-03,2012-10-11
