,Region,Country,Item Type,Sales Channel,Order Priority,Order ID,Units Sold,Unit Price,Unit Cost,OrderDate,ShipDate
45,Sub-Saharan Africa,Angola,Office Supplies,Offline,C,778854548,9224,651.21,524.96,2015-10-03,2015-10-03
547,Sub-Saharan Africa,Zimbabwe,Household,Offline,M,165538489,5372,668.27,502.54,2015-10-03,2015-10-08
1612,Australia and Oceania,Papua New Guinea,Office Supplies,Online,M,543808495,3873,651.21,524.96,2015-10-03,2015-10-07
2450,Australia and Oceania,Nauru,Cosmetics,Offline,M,585449254,6299,437.2,263.33,2015-10-03,2015-11-13
4984,Asia,Cambodia,Vegetables,Offline,L,810026109,3581,154.06,90.93,2015-10-03,2015-10-18
