,Region,Country,Item Type,Sales Channel,Order Priority,Order ID,Units Sold,Unit Price,Unit Cost,OrderDate,ShipDate
719,Central America and the Caribbean,Panama,Personal Care,Online,H,238396728,5744,81.73,56.67,2013-10-09,2013-11-27
1314,Sub-Saharan Africa,Togo,Cosmetics,Offline,L,371387517,674,437.2,263.33,2013-10-09,2013-11-08
2556,Middle East and North Africa,Saudi Arabia,Meat,Offline,L,400512444,9387,421.89,364.69,2013-10-09,2013-10-29
2568,Europe,Andorra,Beverages,Offline,L,932475602,9107,47.45,31.79,2013-10-09,2013-11-21
4276,Australia and Oceania,Solomon Islands,Personal Care,Offline,H,466948831,9390,81.73,56.67,2013-10-09,2013-11-26
