,Region,Country,Item Type,Sales Channel,Order Priority,Order ID,Units Sold,Unit Price,Unit Cost,OrderDate,ShipDate
1162,Sub-Saharan Africa,Swaziland,Meat,Offline,L,170931661,1332,421.89,364.69,2016-11-13,2016-11-25
3075,Asia,Malaysia,Household,Offline,M,823605811,2117,668.27,502.54,2016-11-13,2016-12-03
4043,Europe,United Kingdom,Clothes,Online,M,249765861,123,109.28,35.84,2016-11-13,2016-11-24
4075,Sub-Saharan Africa,Niger,Snacks,Offline,M,320531547,1262,152.58,97.44,2016-11-13,2016-12-21
