,Region,Country,Item Type,Sales Channel,Order Priority,Order ID,Units Sold,Unit Price,Unit Cost,OrderDate,ShipDate
853,Middle East and North Africa,Iraq,Personal Care,Online,H,745253551,5942,81.73,56.67,2013-11-19,2013-12-12
3111,Australia and Oceania,Nauru,Office Supplies,Online,C,504303634,3507,651.21,524.96,2013-11-19,2013-11-22
4573,Central America and the Caribbean,Grenada,Baby Food,Online,M,144689357,5651,255.28,159.42,2013-11-19,2013-12-12
4816,Sub-Saharan Africa,Kenya,Vegetables,Offline,M,994744050,5725,154.06,90.93,2013-11-19,2013-12-04
