,Region,Country,Item Type,Sales Channel,Order Priority,Order ID,Units Sold,Unit Price,Unit Cost,OrderDate,ShipDate
805,Australia and Oceania,Marshall Islands,Cereal,Online,C,551653850,5488,205.7,117.11,2012-11-14,2013-01-01
1036,Europe,Italy,Personal Care,Offline,L,306256616,6993,81.73,56.67,2012-11-14,2012-11-18
3155,Europe,Ukraine,Office Supplies,Online,C,624348151,7347,651.21,524.96,2012-11-14,2012-12-08
3682,Europe,Belgium,Cereal,Offline,L,495450627,3705,205.7,117.11,2012-11-14,2012-12-26
