,Region,Country,Item Type,Sales Channel,Order Priority,Order ID,Units Sold,Unit Price,Unit Cost,OrderDate,ShipDate
83,Sub-Saharan Africa,Eritrea,Household,Online,H,918342292,6747,668.27,502.54,2015-11-01,2015-12-21
3027,Europe,Liechtenstein,Office Supplies,Online,M,186597907,7322,651.21,524.96,2015-11-01,2015-12-15
3043,Central America and the Caribbean,The Bahamas,Baby Food,Online,C,221980750,7892,255.28,159.42,2015-11-01,2015-12-03
3486,Central America and the Caribbean,Dominica,Clothes,Online,H,751897275,1967,109.28,35.84,2015-11-01,2015-12-01
3919,Middle East and North Africa,Libya,Meat,Online,C,234496581,1604,421.89,364.69,2015-11-01,2015-11-29
4592,Australia and Oceania,Nauru,Cosmetics,Online,L,257245576,3537,437.2,263.33,2015-11-01,2015-12-16
