,Region,Country,Item Type,Sales Channel,Order Priority,Order ID,Units Sold,Unit Price,Unit Cost,OrderDate,ShipDate
1764,Australia and Oceania,Marshall Islands,Fruits,Offline,L,802052438,3995,9.33,6.92,2011-11-13,2012-01-02
2095,Australia and Oceania,East Timor,Snacks,Online,C,340500915,642,152.58,97.44,2011-11-13,2011-12-11
2396,Australia and Oceania,Solomon Islands,Office Supplies,Online,H,278275811,6851,651.21,524.96,2011-11-13,2011-12-07
4151,Asia,Bhutan,Cosmetics,Online,L,808192336,927,437.2,263.33,2011-11-13,2011-12-05
