,Region,Country,Item Type,Sales Channel,Order Priority,Order ID,Units Sold,Unit Price,Unit Cost,OrderDate,ShipDate
1255,Sub-Saharan Africa,Burkina Faso,Personal Care,Offline,M,214346969,8886,81.73,56.67,2015-11-18,2015-12-20
2005,Middle East and North Africa,Kuwait,Clothes,Online,L,765083873,4175,109.28,35.84,2015-11-18,2016-01-05
3641,Sub-Saharan Africa,Ghana,Baby Food,Offline,C,309908282,7602,255.28,159.42,2015-11-18,2016-01-07
4933,Central America and the Caribbean,Guatemala,Fruits,Online,M,449275004,9313,9.33,6.92,2015-11-18,2015-11-21
