,Region,Country,Item Type,Sales Channel,Order Priority,Order ID,Units Sold,Unit Price,Unit Cost,OrderDate,ShipDate
1898,Middle East and North Africa,Somalia,Baby Food,Offline,C,949958455,2672,255.28,159.42,2012-11-27,2013-01-04
2672,Australia and Oceania,Fiji,Clothes,Online,L,681812226,2244,109.28,35.84,2012-11-27,2012-12-24
4483,Central America and the Caribbean,Jamaica,Beverages,Online,M,829483497,1454,47.45,31.79,2012-11-27,2012-11-30
4841,Middle East and North Africa,Iran,Cosmetics,Offline,H,856443774,9600,437.2,263.33,2012-11-27,2013-01-10
