,Region,Country,Item Type,Sales Channel,Order Priority,Order ID,Units Sold,Unit Price,Unit Cost,OrderDate,ShipDate
351,Middle East and North Africa,Saudi Arabia,Office Supplies,Offline,M,306134307,799,651.21,524.96,2013-11-02,2013-11-24
416,Australia and Oceania,New Zealand,Baby Food,Online,L,567904603,4447,255.28,159.42,2013-11-02,2013-11-12
880,Europe,Latvia,Personal Care,Offline,H,913074433,7870,81.73,56.67,2013-11-02,2013-12-17
1158,Asia,Uzbekistan,Meat,Offline,H,736396253,4870,421.89,364.69,2013-11-02,2013-11-05
1446,Middle East and North Africa,Pakistan,Snacks,Offline,M,919332349,9726,152.58,97.44,2013-11-02,2013-12-15
3101,Sub-Saharan Africa,Equatorial Guinea,Meat,Offline,M,526381862,6945,421.89,364.69,2013-11-02,2013-12-21
