,Region,Country,Item Type,Sales Channel,Order Priority,Order ID,Units Sold,Unit Price,Unit Cost,OrderDate,ShipDate
14,Central America and the Caribbean,Saint Vincent and the Grenadines,Baby Food,Online,L,504313504,6428,255.28,159.42,2010-11-28,2010-12-03
542,Sub-Saharan Africa,Mali,Personal Care,Online,H,539696347,6997,81.73,56.67,2010-11-28,2011-01-11
1823,Central America and the Caribbean,Haiti,Meat,Offline,L,984402740,5501,421.89,364.69,2010-11-28,2010-12-18
4055,Central America and the Caribbean,Dominican Republic,Office Supplies,Online,L,938668715,1787,651.21,524.96,2010-11-28,2011-01-03
4356,Europe,Macedonia,Cereal,Offline,L,988614022,1713,205.7,117.11,2010-11-28,2011-01-11
