,Region,Country,Item Type,Sales Channel,Order Priority,Order ID,Units Sold,Unit Price,Unit Cost,OrderDate,ShipDate
1768,Sub-Saharan Africa,South Africa,Snacks,Online,H,857425248,40,152.58,97.44,2012-11-02,2012-11-25
2974,Asia,Indonesia,Vegetables,Offline,M,695427548,1320,154.06,90.93,2012-11-02,2012-11-29
3330,Sub-Saharan Africa,Democratic Republic of the Congo,Baby Food,Online,L,184166753,7890,255.28,159.42,2012-11-02,2012-12-20
4723,Central America and the Caribbean,El Salvador,Cereal,Offline,M,481319892,2107,205.7,117.11,2012-11-02,2012-11-25
