,Region,Country,Item Type,Sales Channel,Order Priority,Order ID,Units Sold,Unit Price,Unit Cost,OrderDate,ShipDate
222,Australia and Oceania,Vanuatu,Office Supplies,Offline,M,757527768,8155,651.21,524.96,2015-11-25,2015-12-19
1675,Europe,Kosovo,Household,Offline,M,792792594,3801,668.27,502.54,2015-11-25,2016-01-02
2850,Asia,Uzbekistan,Cosmetics,Offline,L,287671697,7303,437.2,263.33,2015-11-25,2015-12-26
2851,Asia,South Korea,Office Supplies,Online,M,676292884,8948,651.21,524.96,2015-11-25,2015-12-21
