,Region,Country,Item Type,Sales Channel,Order Priority,Order ID,Units Sold,Unit Price,Unit Cost,OrderDate,ShipDate
1328,Middle East and North Africa,Jordan,Vegetables,Online,C,433383882,6776,154.06,90.93,2012-11-23,2012-12-04
2103,Asia,Indonesia,Fruits,Online,C,441688430,4277,9.33,6.92,2012-11-23,2012-12-26
3714,Middle East and North Africa,Oman,Meat,Online,L,106987798,8922,421.89,364.69,2012-11-23,2012-12-13
4942,Asia,Bhutan,Personal Care,Online,M,724397122,4061,81.73,56.67,2012-11-23,2012-12-07
