,Region,Country,Item Type,Sales Channel,Order Priority,Order ID,Units Sold,Unit Price,Unit Cost,OrderDate,ShipDate
333,Sub-Saharan Africa,Kenya,Vegetables,Online,H,984202754,6321,154.06,90.93,2011-11-27,2011-12-08
1126,Central America and the Caribbean,Jamaica,Vegetables,Online,H,905132520,7681,154.06,90.93,2011-11-27,2011-12-09
1876,North America,Greenland,Beverages,Online,L,809571206,8965,47.45,31.79,2011-11-27,2012-01-11
4214,Europe,Cyprus,Fruits,Online,L,264856183,5685,9.33,6.92,2011-11-27,2011-12-23
4419,Europe,Slovakia,Cosmetics,Offline,M,146545875,5036,437.2,263.33,2011-11-27,2012-01-07
