,Region,Country,Item Type,Sales Channel,Order Priority,Order ID,Units Sold,Unit Price,Unit Cost,OrderDate,ShipDate
1897,Sub-Saharan Africa,Rwanda,Office Supplies,Online,H,881547534,8360,651.21,524.96,2014-11-21,2014-12-09
2858,Sub-Saharan Africa,Sao Tome and Principe,Baby Food,Online,H,553104817,4862,255.28,159.42,2014-11-21,2014-11-23
3260,Australia and Oceania,Fiji,Office Supplies,Offline,L,648666131,3578,651.21,524.96,2014-11-21,2014-12-12
4257,Sub-Saharan Africa,Chad,Beverages,Online,L,891898715,1505,47.45,31.79,2014-11-21,2014-12-05
4786,Sub-Saharan Africa,Mauritania,Snacks,Offline,L,176881444,2005,152.58,97.44,2014-11-21,2014-12-19
