,Region,Country,Item Type,Sales Channel,Order Priority,Order ID,Units Sold,Unit Price,Unit Cost,OrderDate,ShipDate
1889,Asia,Kyrgyzstan,Fruits,Online,M,374964511,9186,9.33,6.92,2016-11-21,2016-12-09
1929,Asia,Bangladesh,Baby Food,Offline,H,237762439,8044,255.28,159.42,2016-11-21,2016-12-04
1966,Europe,Portugal,Office Supplies,Online,M,410229337,4832,651.21,524.96,2016-11-21,2016-12-22
2884,Europe,Malta,Fruits,Online,C,121380746,8115,9.33,6.92,2016-11-21,2016-12-18
4108,Europe,Denmark,Beverages,Online,L,223199975,8687,47.45,31.79,2016-11-21,2017-01-04
