,Region,Country,Item Type,Sales Channel,Order Priority,Order ID,Units Sold,Unit Price,Unit Cost,OrderDate,ShipDate
894,Asia,Turkmenistan,Beverages,Online,C,107425534,8458,47.45,31.79,2013-01-10,2013-01-21
1624,Middle East and North Africa,Saudi Arabia,Office Supplies,Online,M,248720872,888,651.21,524.96,2013-01-10,2013-01-24
2674,Central America and the Caribbean,Nicaragua,Beverages,Offline,H,699803197,6172,47.45,31.79,2013-01-10,2013-01-24
3084,Asia,Cambodia,Office Supplies,Online,L,250885522,1456,651.21,524.96,2013-01-10,2013-01-24
