,Region,Country,Item Type,Sales Channel,Order Priority,Order ID,Units Sold,Unit Price,Unit Cost,OrderDate,ShipDate
262,Asia,Turkmenistan,Household,Offline,H,314136731,8894,668.27,502.54,2012-01-10,2012-01-12
875,Europe,Andorra,Baby Food,Offline,M,415837943,4543,255.28,159.42,2012-01-10,2012-02-23
3424,Sub-Saharan Africa,Tanzania,Beverages,Offline,H,623687684,1900,47.45,31.79,2012-01-10,2012-02-29
3437,Australia and Oceania,Federated States of Micronesia,Meat,Offline,M,561462581,8109,421.89,364.69,2012-01-10,2012-02-24
