,Region,Country,Item Type,Sales Channel,Order Priority,Order ID,Units Sold,Unit Price,Unit Cost,OrderDate,ShipDate
1168,Europe,Romania,Snacks,Online,C,653920686,8517,152.58,97.44,2010-01-11,2010-01-18
2535,Sub-Saharan Africa,Cote d'Ivoire,Personal Care,Offline,M,612161910,1168,81.73,56.67,2010-01-11,2010-02-27
3519,Middle East and North Africa,Syria,Meat,Offline,L,525023162,4876,421.89,364.69,2010-01-11,2010-02-06
4084,Europe,Portugal,Baby Food,Offline,C,479171121,6238,255.28,159.42,2010-01-11,2010-01-27
4821,Sub-Saharan Africa,Central African Republic,Office Supplies,Offline,L,938557994,9022,651.21,524.96,2010-01-11,2010-02-18
