,Region,Country,Item Type,Sales Channel,Order Priority,Order ID,Units Sold,Unit Price,Unit Cost,OrderDate,ShipDate
2494,Sub-Saharan Africa,Republic of the Congo,Vegetables,Online,C,733893430,4229,154.06,90.93,2011-01-13,2011-02-03
2630,Europe,Poland,Vegetables,Offline,H,469840466,5090,154.06,90.93,2011-01-13,2011-01-22
3528,Central America and the Caribbean,Guatemala,Baby Food,Offline,M,417848527,9519,255.28,159.42,2011-01-13,2011-02-09
4070,Sub-Saharan Africa,Sudan,Beverages,Online,H,484520947,9370,47.45,31.79,2011-01-13,2011-01-17
