,Region,Country,Item Type,Sales Channel,Order Priority,Order ID,Units Sold,Unit Price,Unit Cost,OrderDate,ShipDate
701,Europe,Netherlands,Clothes,Online,H,767490565,6368,109.28,35.84,2016-01-16,2016-02-23
3054,Europe,Belarus,Snacks,Offline,C,403665006,2300,152.58,97.44,2016-01-16,2016-02-19
4006,Europe,Albania,Clothes,Offline,C,357930982,8586,109.28,35.84,2016-01-16,2016-03-05
4512,Europe,Romania,Meat,Offline,C,682162415,5873,421.89,364.69,2016-01-16,2016-02-26
4793,Sub-Saharan Africa,Zambia,Household,Online,C,983644855,1226,668.27,502.54,2016-01-16,2016-01-31
4976,Sub-Saharan Africa,Zambia,Cereal,Online,M,127332246,9296,205.7,117.11,2016-01-16,2016-02-11
