,Region,Country,Item Type,Sales Channel,Order Priority,Order ID,Units Sold,Unit Price,Unit Cost,OrderDate,ShipDate
27,Central America and the Caribbean,Guatemala,Office Supplies,Online,M,345820701,4885,651.21,524.96,2012-01-17,2012-02-01
31,Australia and Oceania,Australia,Clothes,Offline,M,241836822,3744,109.28,35.84,2012-01-17,2012-01-17
2345,Middle East and North Africa,Libya,Beverages,Offline,H,179493701,5030,47.45,31.79,2012-01-17,2012-02-07
4927,Europe,Portugal,Household,Online,L,200432097,1167,668.27,502.54,2012-01-17,2012-01-31
