,Region,Country,Item Type,Sales Channel,Order Priority,Order ID,Units Sold,Unit Price,Unit Cost,OrderDate,ShipDate
820,Sub-Saharan Africa,Burundi,Cosmetics,Offline,M,518200051,5766,437.2,263.33,2015-01-18,2015-01-22
1282,Europe,Liechtenstein,Baby Food,Online,H,295787847,9052,255.28,159.42,2015-01-18,2015-02-16
1834,Central America and the Caribbean,Barbados,Personal Care,Online,M,946415364,4193,81.73,56.67,2015-01-18,2015-01-30
3104,Asia,Singapore,Snacks,Online,C,642886292,3195,152.58,97.44,2015-01-18,2015-01-31
3804,Europe,Sweden,Meat,Online,C,437083184,1482,421.89,364.69,2015-01-18,2015-02-19
