,Region,Country,Item Type,Sales Channel,Order Priority,Order ID,Units Sold,Unit Price,Unit Cost,OrderDate,ShipDate
20,Middle East and North Africa,Libya,Beverages,Offline,L,993345010,1718,47.45,31.79,2010-01-18,2010-03-03
1090,Europe,Slovenia,Fruits,Online,L,756252324,723,9.33,6.92,2010-01-18,2010-02-09
2026,Sub-Saharan Africa,Guinea-Bissau,Fruits,Offline,C,450794637,9006,9.33,6.92,2010-01-18,2010-02-11
2831,Europe,Cyprus,Baby Food,Online,M,806197631,649,255.28,159.42,2010-01-18,2010-02-18
3140,Middle East and North Africa,Pakistan,Baby Food,Offline,H,423834359,860,255.28,159.42,2010-01-18,2010-02-20
4317,Middle East and North Africa,Libya,Meat,Online,H,949657618,3648,421.89,364.69,2010-01-18,2010-02-20
