,Region,Country,Item Type,Sales Channel,Order Priority,Order ID,Units Sold,Unit Price,Unit Cost,OrderDate,ShipDate
1195,Europe,Liechtenstein,Cereal,Online,L,940682303,7652,205.7,117.11,2010-01-01,2010-02-09
1215,Sub-Saharan Africa,Sierra Leone,Beverages,Online,H,872081267,7081,47.45,31.79,2010-01-01,2010-01-12
2164,Middle East and North Africa,Lebanon,Beverages,Offline,L,770144021,1585,47.45,31.79,2010-01-01,2010-01-21
4171,Europe,Hungary,Baby Food,Offline,C,279703605,9367,255.28,159.42,2010-01-01,2010-01-10
4649,Middle East and North Africa,Israel,Cosmetics,Offline,L,570716845,6652,437.2,263.33,2010-01-01,2010-01-13
