,Region,Country,Item Type,Sales Channel,Order Priority,Order ID,Units Sold,Unit Price,Unit Cost,OrderDate,ShipDate
650,Australia and Oceania,Vanuatu,Cereal,Online,C,592586934,8497,205.7,117.11,2015-01-20,2015-02-19
991,Central America and the Caribbean,Antigua and Barbuda ,Snacks,Online,C,378479278,9284,152.58,97.44,2015-01-20,2015-02-15
2573,Europe,Russia,Office Supplies,Offline,L,282917964,567,651.21,524.96,2015-01-20,2015-01-27
3195,Australia and Oceania,Tonga,Personal Care,Offline,C,833654868,5856,81.73,56.67,2015-01-20,2015-02-13
