,Region,Country,Item Type,Sales Channel,Order Priority,Order ID,Units Sold,Unit Price,Unit Cost,OrderDate,ShipDate
485,Asia,Turkmenistan,Beverages,Offline,M,510207927,718,47.45,31.79,2016-01-24,2016-02-15
503,Australia and Oceania,East Timor,Vegetables,Offline,L,295982253,6581,154.06,90.93,2016-01-24,2016-03-08
1103,Europe,Estonia,Clothes,Offline,L,264928710,7147,109.28,35.84,2016-01-24,2016-01-27
3499,Sub-Saharan Africa,Mozambique,Clothes,Online,H,242061698,290,109.28,35.84,2016-01-24,2016-02-04
