,Region,Country,Item Type,Sales Channel,Order Priority,Order ID,Units Sold,Unit Price,Unit Cost,OrderDate,ShipDate
605,Europe,Georgia,Baby Food,Online,L,359197413,3352,255.28,159.42,2014-01-26,2014-03-08
615,North America,Canada,Clothes,Offline,H,352939498,1495,109.28,35.84,2014-01-26,2014-03-10
1971,Sub-Saharan Africa,Seychelles ,Cereal,Online,H,294689643,4069,205.7,117.11,2014-01-26,2014-02-07
3415,Central America and the Caribbean,Grenada,Baby Food,Offline,H,205386245,7209,255.28,159.42,2014-01-26,2014-03-09
3902,Sub-Saharan Africa,Lesotho,Cereal,Online,C,945435178,4134,205.7,117.11,2014-01-26,2014-02-15
4134,Central America and the Caribbean,Antigua and Barbuda ,Fruits,Online,C,442360913,3279,9.33,6.92,2014-01-26,2014-03-05
