,Region,Country,Item Type,Sales Channel,Order Priority,Order ID,Units Sold,Unit Price,Unit Cost,OrderDate,ShipDate
196,Australia and Oceania,East Timor,Fruits,Online,H,433117806,8039,9.33,6.92,2012-01-27,2012-02-06
1977,Sub-Saharan Africa,Senegal,Vegetables,Offline,L,711733233,6535,154.06,90.93,2012-01-27,2012-03-09
3841,Europe,Malta,Snacks,Online,L,981808078,7683,152.58,97.44,2012-01-27,2012-01-28
4100,Sub-Saharan Africa,South Africa,Cereal,Online,M,911160409,1468,205.7,117.11,2012-01-27,2012-01-27
4642,Sub-Saharan Africa,Zimbabwe,Cereal,Online,L,190003240,5036,205.7,117.11,2012-01-27,2012-03-08
4884,Sub-Saharan Africa,Madagascar,Snacks,Offline,M,158713662,5754,152.58,97.44,2012-01-27,2012-01-28
