,Region,Country,Item Type,Sales Channel,Order Priority,Order ID,Units Sold,Unit Price,Unit Cost,OrderDate,ShipDate
357,Asia,Japan,Baby Food,Offline,H,392379558,2685,255.28,159.42,2013-01-29,2013-03-09
1105,Central America and the Caribbean,Costa Rica,Cereal,Offline,C,460980594,3257,205.7,117.11,2013-01-29,2013-02-13
1163,Australia and Oceania,Tuvalu,Household,Online,M,673041617,6826,668.27,502.54,2013-01-29,2013-03-15
1954,Central America and the Caribbean,Jamaica,Snacks,Online,M,224005925,7186,152.58,97.44,2013-01-29,2013-02-18
