,Region,Country,Item Type,Sales Channel,Order Priority,Order ID,Units Sold,Unit Price,Unit Cost,OrderDate,ShipDate
842,Middle East and North Africa,Saudi Arabia,Snacks,Offline,L,462591207,9873,152.58,97.44,2014-01-29,2014-03-01
3431,Australia and Oceania,Fiji,Cereal,Online,C,238132369,7515,205.7,117.11,2014-01-29,2014-03-01
4739,Sub-Saharan Africa,Liberia,Clothes,Offline,L,973733985,8380,109.28,35.84,2014-01-29,2014-03-06
4848,Sub-Saharan Africa,Botswana,Household,Offline,H,545636689,4876,668.27,502.54,2014-01-29,2014-02-01
