,Region,Country,Item Type,Sales Channel,Order Priority,Order ID,Units Sold,Unit Price,Unit Cost,OrderDate,ShipDate
65,Middle East and North Africa,Somalia,Baby Food,Online,M,596105563,9738,255.28,159.42,2010-01-29,2010-03-20
2999,Sub-Saharan Africa,Niger,Office Supplies,Online,H,714533889,5311,651.21,524.96,2010-01-29,2010-02-07
3049,Sub-Saharan Africa,Niger,Meat,Online,M,627159106,9171,421.89,364.69,2010-01-29,2010-03-09
4453,Sub-Saharan Africa,Seychelles ,Office Supplies,Online,H,562887370,9736,651.21,524.96,2010-01-29,2010-02-08
