,Region,Country,Item Type,Sales Channel,Order Priority,Order ID,Units Sold,Unit Price,Unit Cost,OrderDate,ShipDate
954,Europe,San Marino,Beverages,Offline,L,772893178,5122,47.45,31.79,2012-01-02,2012-01-02
1051,Central America and the Caribbean,Trinidad and Tobago,Cereal,Offline,L,810322654,1335,205.7,117.11,2012-01-02,2012-01-15
4395,Central America and the Caribbean,Dominica,Snacks,Offline,L,957875907,5622,152.58,97.44,2012-01-02,2012-01-16
4740,Asia,Taiwan,Fruits,Online,H,542294442,5831,9.33,6.92,2012-01-02,2012-01-30
