,Region,Country,Item Type,Sales Channel,Order Priority,Order ID,Units Sold,Unit Price,Unit Cost,OrderDate,ShipDate
739,Sub-Saharan Africa,Benin,Beverages,Offline,H,836226356,6816,47.45,31.79,2010-01-03,2010-01-26
941,Asia,Brunei,Fruits,Offline,L,295840632,4672,9.33,6.92,2010-01-03,2010-01-06
1444,Asia,Malaysia,Beverages,Offline,L,761485421,9313,47.45,31.79,2010-01-03,2010-01-26
2282,Central America and the Caribbean,El Salvador,Cereal,Online,L,127467000,9173,205.7,117.11,2010-01-03,2010-02-07
4198,Europe,Armenia,Clothes,Online,L,231450879,313,109.28,35.84,2010-01-03,2010-02-22
