,Region,Country,Item Type,Sales Channel,Order Priority,Order ID,Units Sold,Unit Price,Unit Cost,OrderDate,ShipDate
557,Asia,Maldives,Office Supplies,Online,M,181418025,4480,651.21,524.96,2013-01-04,2013-01-17
1976,Central America and the Caribbean,Grenada,Beverages,Online,C,578461778,8550,47.45,31.79,2013-01-04,2013-01-09
2859,Central America and the Caribbean,Saint Kitts and Nevis ,Clothes,Offline,C,823622977,7197,109.28,35.84,2013-01-04,2013-02-22
3610,Central America and the Caribbean,The Bahamas,Beverages,Online,L,399618947,4982,47.45,31.79,2013-01-04,2013-01-19
4342,Europe,Sweden,Meat,Online,H,152411115,691,421.89,364.69,2013-01-04,2013-02-21
