,Region,Country,Item Type,Sales Channel,Order Priority,Order ID,Units Sold,Unit Price,Unit Cost,OrderDate,ShipDate
456,Sub-Saharan Africa,Sao Tome and Principe,Fruits,Offline,M,894655168,7200,9.33,6.92,2016-01-04,2016-01-26
4278,Sub-Saharan Africa,Sudan,Fruits,Online,H,743008649,1625,9.33,6.92,2016-01-04,2016-01-27
4368,Central America and the Caribbean,Saint Lucia,Meat,Online,H,152559602,4631,421.89,364.69,2016-01-04,2016-01-23
4470,Australia and Oceania,Kiribati,Office Supplies,Online,C,264966046,8196,651.21,524.96,2016-01-04,2016-02-05
