,Region,Country,Item Type,Sales Channel,Order Priority,Order ID,Units Sold,Unit Price,Unit Cost,OrderDate,ShipDate
1188,Sub-Saharan Africa,Togo,Baby Food,Offline,M,571531808,7818,255.28,159.42,2014-01-04,2014-02-22
3997,Europe,Hungary,Fruits,Offline,H,633992946,1456,9.33,6.92,2014-01-04,2014-01-06
4720,Sub-Saharan Africa,Cameroon,Cereal,Offline,M,288941133,2957,205.7,117.11,2014-01-04,2014-02-16
4743,Europe,Portugal,Household,Online,M,444798934,4744,668.27,502.54,2014-01-04,2014-01-20
4910,Sub-Saharan Africa,Chad,Baby Food,Online,L,706805264,8239,255.28,159.42,2014-01-04,2014-01-07
