,Region,Country,Item Type,Sales Channel,Order Priority,Order ID,Units Sold,Unit Price,Unit Cost,OrderDate,ShipDate
1829,Central America and the Caribbean,Saint Vincent and the Grenadines,Household,Offline,M,594280803,9751,668.27,502.54,2014-01-05,2014-01-21
1987,Central America and the Caribbean,Panama,Meat,Offline,C,351166236,6748,421.89,364.69,2014-01-05,2014-02-21
3258,Middle East and North Africa,Iraq,Vegetables,Online,L,619194447,2252,154.06,90.93,2014-01-05,2014-02-07
4195,Europe,Ireland,Personal Care,Offline,L,702357947,2179,81.73,56.67,2014-01-05,2014-02-04
