,Region,Country,Item Type,Sales Channel,Order Priority,Order ID,Units Sold,Unit Price,Unit Cost,OrderDate,ShipDate
2581,Europe,Belarus,Cosmetics,Offline,M,521874034,2979,437.2,263.33,2010-01-06,2010-02-03
2593,Sub-Saharan Africa,Zambia,Personal Care,Offline,M,773411166,8406,81.73,56.67,2010-01-06,2010-02-19
2678,Central America and the Caribbean,Haiti,Snacks,Online,M,264197003,619,152.58,97.44,2010-01-06,2010-02-14
4336,Middle East and North Africa,Saudi Arabia,Personal Care,Offline,M,868854463,2198,81.73,56.67,2010-01-06,2010-02-12
