,Region,Country,Item Type,Sales Channel,Order Priority,Order ID,Units Sold,Unit Price,Unit Cost,OrderDate,ShipDate
338,North America,United States of America,Household,Offline,M,348996007,4529,668.27,502.54,2016-01-09,2016-01-12
1669,Australia and Oceania,Australia,Household,Offline,H,425901591,2600,668.27,502.54,2016-01-09,2016-01-11
2588,Middle East and North Africa,Iraq,Baby Food,Online,C,118397271,5238,255.28,159.42,2016-01-09,2016-02-08
3672,Middle East and North Africa,Somalia,Office Supplies,Online,M,980849778,4101,651.21,524.96,2016-01-09,2016-02-21
